module	exit_code	elapsed_seconds	peak_rss_kib
UniformRow	0	1.360	1516648
RowExclusions	0	1.460	1566488
AdaptiveTranscript	0	1.309	1574204
FirstSpoilCounting	0	1.209	1573864
FieldTranscript	0	1.711	1576656
ProductCells	0	1.158	1559776
ActualConditionalBound	0	1.310	1566052
HistoryCells	0	1.360	1579692
AdaptiveTail	0	1.361	1227596
ConcreteAdaptiveTail	0	2.066	1582024
SpoiledRows	0	2.969	1595964
FinalResidual	0	1.615	1595124
FreshSampling	0	3.472	1369620
FreshSamplingJoint	0	1.412	1339364
UniformPoolEndpoint	0	2.416	1581152
EpochComposition	0	2.718	1376000
EpochPrefix	0	1.310	1354468
ConcreteEpochs	0	1.611	1579820
EpochFreshEndpoint	0	1.766	1581816
EpochFreshJoint	0	1.464	1568644
StoredRows	0	1.360	1510472
SignatureCompiler	0	1.763	1585232
BaseSecurityTerm	0	7.045	1587776
GlobalSignatureCompiler	0	1.963	1591840
CostAndConfidence	0	2.367	1449348
InvocationBudget	0	1.210	1580892
IncrementalPreparation	0	2.366	1609288
IndexedPreparation	0	2.066	1600296
BufferedExecution	0	1.361	1582100
OperationalCost	0	1.410	1577220
CursorBufferedExecution	0	1.259	1581084
ParameterCertificate	0	1.007	1302088
StoredCheckExecution	0	2.721	1605096
StoredBufferedExecution	0	2.016	1639044
MultiEpochExecution	0	1.511	1588056
MultiEpochCost	0	1.561	1587596
OperationalSignatureEndpoint	0	3.020	1632132
StoppingEpochExecution	0	2.573	1636880
TraceErasure	0	2.267	1617960
GlobalSignatureJoint	0	1.461	1568880
FinalStoredInvocation	0	1.815	1610500
StoppedSignatureEndpoint	0	3.172	1630412
CompletedStoppedInvocation	0	2.568	1616824
RandomTapeAveraging	0	1.210	1564768
RandomizedStoppedEndpoint	0	1.260	1572744
PrimeDivisorBlocks0	0	4.385	1361384
PrimeDivisorBlocks1	0	4.430	1360356
PrimeDivisorBlocks2	0	4.380	1357176
PrimeDivisorBlocks3	0	4.133	1356608
PrimeDivisorBlocks4	0	4.076	1363600
PrimeDivisorBlocks5	0	4.028	1368416
PrimeDivisorBlocks6	0	4.380	1361700
PrimeDivisorBlocks7	0	4.282	1360488
PrimeCertificate	0	1.462	1363480
CertifiedField	0	1.059	1505228
CertifiedParameters	0	1.561	1531704
FiniteForgerySplit	0	1.814	1346184
StoppedForgerySplit	0	1.763	1578780
VerifiedCompiler	0	1.814	1596156
FinalTraceErasure	0	2.518	1635168
VerifierInterface	0	1.259	1598056
RandomizedFinalJoint	0	1.411	1598540
StoppedSourceBound	0	1.661	1595760
EpochResourceBounds	0	2.013	1616632
OperationalEarlyTradeoff	0	1.109	1573520
MatchedEarlyCertificates	0	1.210	1395372
CompilerBundle	0	1.162	1578408
AuditAxioms	0	25.662	1624740
